model,test_auc,val_auc,train_auc,overfit_gap,cv_f1
Random Forest,1.0,1.0,1.0,0.0,1.0
Balanced RF,1.0,1.0,1.0,0.0,1.0
XGBoost,1.0,0.9968888888888889,1.0,0.0031111111111110645,0.9728506787330318
Gradient Boosting,1.0,1.0,1.0,0.0,1.0
Logistic Regression,0.9921875,0.9991111111111112,0.9997850040311743,0.000673892920063146,0.9604562375562017
Voting Ensemble,1.0,0.0,0.0,0.0,0.0
